An Unearthly Child,4,Complete story, 
The Daleks,7,Complete story, 
The Edge Of Destruction,2,Complete story, 
The Keys Of Marinus,6,Complete story, 
The Aztecs,4,Complete story, 
The Sensorites,6,Complete story, 
The Reign of Terror,6,Complete story with animation, 
Planet Of Giants,3,Complete story, 
The Dalek Invasion Of Earth,6,Complete story, 
The Rescue,2,Complete story, 
The Romans,4,Complete story, 
The Web Planet,6,Complete story, 
The Space Museum,4,Complete story, 
The Chase,6,Complete story, 
The Time Meddler,4,Complete story, 
Mission to the Unknown,1,Complete Live Action Recreation, 
The Ark,4,Complete story, 
The Gunfighters,4,Complete story, 
The War Machines,4,Complete story, 
The Tenth Planet,4,Complete story with animation, 
The Power Of The Daleks,6,Complete animation, 
The Moonbase,4,Complete story with animation, 
The Macra Terror,4,Complete animation, 
The Faceless Ones,6,Complete animation, 
The Tomb Of The Cybermen,4,Complete story, 
The Ice Warriors,6,Complete animation, 
The Enemy Of The World,6,Complete story, 
The Web Of Fear,6,Complete story with telesnaps, 
Fury from the Deep,6,Complete animation, 
The Dominators,5,Complete story, 
The Mind Robber,5,Complete story, 
The Invasion,8,Complete story with animation, 
The Krotons,4,Complete story, 
The Seeds Of Death,6,Complete story, 
The War Games,10,Complete story, 
Spearhead From Space,4,Complete story, 
Doctor Who And The Silurians,7,Complete story, 
The Ambassadors Of Death,7,Complete story, 
Inferno,7,Complete story, 
Terror Of The Autons,4,Complete story, 
The Mind Of Evil,6,Complete story, 
The Claws Of Axos,4,Complete story, 
Colony In Space,6,Complete story, 
The Daemons,5,Complete story, 
Day Of The Daleks,4,Complete story, 
The Curse Of Peladon,4,Complete story, 
The Sea Devils,6,Complete story, 
The Mutants,6,Complete story, 
The Time Monster,6,Complete story, 
The Three Doctors,4,Complete story, 
Carnival Of Monsters,4,Complete story, 
Frontier In Space,6,Complete story, 
Planet Of The Daleks,6,Complete story, 
The Green Death,6,Complete story, 
The Time Warrior,4,Complete story, 
Invasion Of The Dinosaurs,6,Complete story, 
Death To The Daleks,4,Complete story, 
The Monster Of Peladon,6,Complete story, 
Planet Of The Spiders,6,Complete story, 
Robot,4,Complete story, 
The Ark In Space,4,Complete story, 
The Sontaran Experiment,2,Complete story, 
Genesis Of The Daleks,6,Complete story, 
Revenge Of The Cybermen,4,Complete story, 
Terror Of The Zygons,4,Complete story, 
Planet Of Evil,4,Complete story, 
Pyramids Of Mars,4,Complete story, 
The Android Invasion,4,Complete story, 
The Brain Of Morbius,4,Complete story, 
The Seeds Of Doom,6,Complete story, 
The Masque Of Mandragora,4,Complete story, 
The Hand Of Fear,4,Complete story, 
The Deadly Assassin,4,Complete story, 
The Face Of Evil,4,Complete story, 
The Robots Of Death,4,Complete story, 
The Talons Of Weng-Chiang,6,Complete story, 
Horror Of Fang Rock,4,Complete story, 
The Invisible Enemy,4,Complete story, 
Image Of The Fendahl,4,Complete story, 
The Sun Makers,4,Complete story, 
Underworld,4,Complete story, 
The Invasion Of Time,6,Complete story, 
The Ribos Operation,4,Complete story, 
The Pirate Planet,4,Complete story, 
The Stones Of Blood,4,Complete story, 
The Androids Of Tara,4,Complete story, 
The Power Of Kroll,4,Complete story, 
The Armageddon Factor,6,Complete story, 
Destiny Of The Daleks,4,Complete story, 
City Of Death,4,Complete story, 
The Creature From The Pit,4,Complete story, 
Nightmare Of Eden,4,Complete story, 
The Horns Of Nimon,4,Complete story, 
The Leisure Hive,4,Complete story, 
Meglos,4,Complete story, 
Full Circle,4,Complete story, 
State Of Decay,4,Complete story, 
Warriors' Gate,4,Complete story, 
The Keeper Of Traken,4,Complete story, 
Logopolis,4,Complete story, 
Castrovalva,4,Complete story, 
Four To Doomsday,4,Complete story, 
Kinda,4,Complete story, 
The Visitation,4,Complete story, 
Black Orchid,2,Complete story, 
Earthshock,4,Complete story, 
Time-Flight,4,Complete story, 
Arc Of Infinity,4,Complete story, 
Snakedance,4,Complete story, 
Mawdryn Undead,4,Complete story, 
Terminus,4,Complete story, 
Enlightenment,4,Complete story, 
The King's Demons,2,Complete story, 
The Five Doctors,1,Complete story, 
Warriors Of The Deep,4,Complete story, 
The Awakening,2,Complete story, 
Frontios,4,Complete story, 
Resurrection Of The Daleks,2,Complete story, 
Planet Of Fire,4,Complete story, 
The Caves Of Androzani,4,Complete story, 
The Twin Dilemma,4,Complete story, 
Attack Of The Cybermen,2,Complete story, 
Vengeance On Varos,2,Complete story, 
The Mark Of The Rani,2,Complete story, 
The Two Doctors,3,Complete story, 
Timelash,2,Complete story, 
Revelation Of The Daleks,2,Complete story, 
The Trial Of A Time Lord,14,Complete story, 
Time And The Rani,4,Complete story, 
Paradise Towers,4,Complete story, 
Delta And The Bannermen,3,Complete story, 
Dragonfire,3,Complete story, 
Remembrance Of The Daleks,4,Complete story, 
The Happiness Patrol,3,Complete story, 
Silver Nemesis,3,Complete story, 
The Greatest Show In The Galaxy,4,Complete story, 
Battlefield,4,Complete story, 
Ghost Light,3,Complete story, 
The Curse Of Fenric,4,Complete story, 
Survival,3,Complete story, 
Doctor Who: The Movie,1,Complete story, 
An Adventure In Space And Time,1,Special, 
,,, 
,,, 
,,, 
,,, 
